{"total": 7.70757,"livre": 2.75881,"usada": 4.49163}