{"total": 7.72301,"livre": 3.99004,"usada": 5.46552}