{"total": 3.75398,"livre": 0.520821,"usada": 0.849918}