{"total": 3.75398,"livre": 0.644451,"usada": 1.42257}