{"total": 7.70757,"livre": 3.25069,"usada": 4.93645}