{"total": 3.75398,"livre": 0.144974,"usada": 0.615032}