{"total": 7.70757,"livre": 3.06852,"usada": 4.78029}