{"total": 7.70757,"livre": 2.94931,"usada": 4.74311}