{"total": 7.72301,"livre": 3.48013,"usada": 5.08564}