{"total": 3.75398,"livre": 0.202721,"usada": 1.0866}