{"total": 7.70757,"livre": 2.9659,"usada": 4.70668}