{"total": 3.75398,"livre": 0.278378,"usada": 0.602028}